request_id,amount_safe_to_pay,affordability_status,recommended_payment_method,payment_plan,earliest_date_for_full_payment,spending_changes_needed,decision_explanation
request_100,23915.92,affordable_later,wait,2024-08-15:37114,2024-08-15,none,"Pay ZAR 37,114 in full on 15 August 2024. Paying earlier would take the balance below the ZAR 32,500 minimum."
request_101,143500,affordable_now,full_payment,2025-11-03:143500,2025-11-03,none,"Pay INR 143,500 today. This leaves at least INR 187,400 available over the next 90 days."
request_102,1077.24,not_affordable,not_recommended,none,,none,"Do not proceed with the EUR 1,716 request. Although EUR 1,077.24 is available today, the full amount cannot be completed safely within 90 days."
request_103,0,not_affordable,not_recommended,none,,none,"Do not make this payment by 7 October 2024. None of the available options keeps the INR 125,500 minimum protected."
request_104,883.88,not_affordable,not_recommended,none,,none,"Do not proceed with the ZAR 17,204 request. Although ZAR 883.88 is available today, the full amount cannot be completed safely within 90 days."
request_105,50290.12,affordable_with_plan,full_payment,2026-06-08:53500,2026-06-15,reduce_to:event_9720:1632|reduce_to:event_9721:1720,"Reduce the shopping expense (event_9720) to INR 1,632 and Reduce the entertainment expense (event_9721) to INR 1,720, then pay INR 53,500 today. This leaves at least INR 73,900 available."
request_106,0,not_affordable,not_recommended,none,,none,"Do not make this payment by 15 February 2025. None of the available options keeps the EUR 1,200 minimum protected."
request_107,0,not_affordable,not_recommended,none,,none,"Do not make this payment by 4 July 2025. None of the available options keeps the EUR 1,600 minimum protected."
request_108,785.24,not_affordable,not_recommended,none,,none,"Do not proceed with the ZAR 55,308 request. Although ZAR 785.24 is available today, the full amount cannot be completed safely within 90 days."
request_109,359.04,not_affordable,not_recommended,none,,none,"Do not proceed with the EUR 1,863.40 request. Although EUR 359.04 is available today, the full amount cannot be completed safely within 90 days."
request_110,19445.06,not_affordable,not_recommended,none,,none,"Do not proceed with the ZAR 22,352 request. Although ZAR 19,445.06 is available today, the full amount cannot be completed safely within 90 days."
request_111,13667973.25,not_affordable,not_recommended,none,,none,"Do not proceed with the IDR 16,625,000 request. Although IDR 13,667,973.25 is available today, the full amount cannot be completed safely within 90 days."
request_112,0,not_affordable,not_recommended,none,,none,Do not make this payment by 14 June 2024. None of the available options keeps the EUR 500 minimum protected.
request_113,19295.63,affordable_later,wait,2026-10-15:36500,2026-10-15,none,"Pay INR 36,500 in full on 15 October 2026. Paying earlier would take the balance below the INR 82,300 minimum."
request_114,0,not_affordable,not_recommended,none,,none,"Do not make this payment by 14 January 2026. None of the available options keeps the INR 113,400 minimum protected."
request_115,13816.98,affordable_later,wait,2024-11-15:80500,2024-11-15,none,"Pay INR 80,500 in full on 15 November 2024. Paying earlier would take the balance below the INR 38,800 minimum."
request_116,0,not_affordable,not_recommended,none,,none,"Do not make this payment by 16 April 2025. None of the available options keeps the INR 80,300 minimum protected."
request_117,792.37,affordable_later,wait,2026-07-15:880,2026-07-15,none,"Pay EUR 880 in full on 15 July 2026. Paying earlier would take the balance below the EUR 1,000 minimum."
request_118,574.17,not_affordable,not_recommended,none,2025-02-15,none,Do not make this payment by 8 February 2025. None of the available options keeps the EUR 600 minimum protected.
request_119,0,not_affordable,not_recommended,none,,none,"Do not make this payment by 17 July 2025. None of the available options keeps the INR 151,200 minimum protected."
request_120,7714000,affordable_now,full_payment,2026-04-06:7714000,2026-04-06,none,"Pay IDR 7,714,000 today. This leaves at least IDR 20,050,300 available over the next 90 days."
request_121,633.60,affordable_now,full_payment,2024-03-03:633.60,2024-03-03,none,Pay USD 633.60 today. This leaves at least USD 800 available over the next 90 days.
request_122,20558000,affordable_with_plan,installments,2025-08-05:7126773.33|2025-09-02:7126773.33|2025-09-30:7126773.33,2025-08-05,none,"use 3 installments of IDR 7,126,773.33, starting 5 August 2025. This leaves at least IDR 12,588,500 available."
request_123,0,not_affordable,not_recommended,none,,none,"Do not make this payment by 28 March 2026. None of the available options keeps the IDR 18,091,200 minimum protected."
request_124,0,not_affordable,not_recommended,none,,none,"Do not make this payment by 20 August 2024. None of the available options keeps the EUR 1,600 minimum protected."
request_125,5252.85,affordable_later,wait,2025-12-15:6468,2025-12-15,none,"Pay ZAR 6,468 in full on 15 December 2025. Paying earlier would take the balance below the ZAR 11,300 minimum."
request_126,41615.19,not_affordable,not_recommended,none,,none,"Do not proceed with the INR 159,600 request. Although INR 41,615.19 is available today, the full amount cannot be completed safely within 90 days."
request_127,0,not_affordable,not_recommended,none,,none,"Do not make this payment by 18 October 2024. None of the available options keeps the ZAR 41,000 minimum protected."
request_128,25131.38,affordable_with_plan,full_payment,2025-02-07:25168,2025-02-15,reduce_to:event_11812:1058.20,"Reduce the entertainment expense (event_11812) to ZAR 1,058.20, then pay ZAR 25,168 today. This leaves at least ZAR 42,600 available."
request_129,92.64,not_affordable,not_recommended,none,,none,"Do not proceed with the USD 2,668.80 request. Although USD 92.64 is available today, the full amount cannot be completed safely within 90 days."
request_130,303.82,not_affordable,not_recommended,none,,none,"Do not proceed with the USD 1,978.80 request. Although USD 303.82 is available today, the full amount cannot be completed safely within 90 days."
request_131,0,not_affordable,not_recommended,none,,none,"Do not make this payment by 8 July 2025. None of the available options keeps the USD 1,100 minimum protected."
request_132,0,not_affordable,not_recommended,none,,none,"Do not make this payment by 25 February 2026. None of the available options keeps the USD 1,100 minimum protected."
request_133,0,not_affordable,not_recommended,none,,none,"Do not make this payment by 29 March 2024. None of the available options keeps the IDR 9,986,200 minimum protected."
request_134,3610868.14,affordable_later,wait,2025-10-15:21831000,2025-10-15,none,"Pay IDR 21,831,000 in full on 15 October 2025. Paying earlier would take the balance below the IDR 15,902,500 minimum."
request_135,304.66,affordable_with_plan,full_payment,2026-07-06:304.80,2026-07-15,reduce_to:event_12413:11.50,"Reduce the streaming expense (event_12413) to USD 11.50, then pay USD 304.80 today. This leaves at least USD 500 available."
request_136,468.92,affordable_later,wait,2024-06-15:560.40,2024-06-15,none,"Pay USD 560.40 in full on 15 June 2024. Paying earlier would take the balance below the USD 1,100 minimum."
request_137,2271.31,not_affordable,not_recommended,none,,none,"Do not proceed with the INR 80,100 request. Although INR 2,271.31 is available today, the full amount cannot be completed safely within 90 days."
request_138,698.72,affordable_with_plan,installments,2026-04-07:435.74|2026-05-05:435.74|2026-06-02:435.74,2026-04-15,none,"use 3 installments of EUR 435.74, starting 7 April 2026. This leaves at least EUR 2,300 available."
request_139,1260.26,affordable_later,wait,2024-11-15:2316,2024-11-15,none,"Pay USD 2,316 in full on 15 November 2024. Paying earlier would take the balance below the USD 1,500 minimum."
request_140,0,not_affordable,not_recommended,none,,none,"Do not make this payment by 4 March 2025. None of the available options keeps the ZAR 21,600 minimum protected."
request_141,10055.22,not_affordable,not_recommended,none,,none,"Do not proceed with the INR 171,600 request. Although INR 10,055.22 is available today, the full amount cannot be completed safely within 90 days."
request_142,331.43,not_affordable,not_recommended,none,,none,"Do not proceed with the USD 1,263.60 request. Although USD 331.43 is available today, the full amount cannot be completed safely within 90 days."
request_143,1975.68,not_affordable,not_recommended,none,,none,"Do not proceed with the ZAR 12,584 request. Although ZAR 1,975.68 is available today, the full amount cannot be completed safely within 90 days."
request_144,0,not_affordable,not_recommended,none,,none,Do not make this payment by 26 July 2026. None of the available options keeps the USD 600 minimum protected.
request_145,18362.37,not_affordable,not_recommended,none,,none,"Do not proceed with the INR 217,400 request. Although INR 18,362.37 is available today, the full amount cannot be completed safely within 90 days."
request_146,11344.63,not_affordable,not_recommended,none,,none,"Do not proceed with the INR 449,400 request. Although INR 11,344.63 is available today, the full amount cannot be completed safely within 90 days."
request_147,0,not_affordable,not_recommended,none,,none,Do not make this payment by 7 June 2026. None of the available options keeps the EUR 900 minimum protected.
request_148,7556.68,affordable_with_plan,installments,2024-06-14:7710.56|2024-07-15:7710.56|2024-08-15:7710.56,2024-08-15,reduce_to:event_13594:576.40,"Reduce the entertainment expense (event_13594) to ZAR 576.40, then use 3 installments of ZAR 7,710.56, starting 14 June 2024. This leaves at least ZAR 20,000 available."
request_149,22499.19,affordable_with_plan,installments,2025-11-18:12706.03|2025-12-16:12706.03|2026-01-13:12706.03,2026-01-15,reduce_to:event_13703:1013.76,"Reduce the shopping expense (event_13703) to ZAR 1,013.76, then use 3 installments of ZAR 12,706.03, starting 18 November 2025. This leaves at least ZAR 42,100 available."
request_150,0,not_affordable,not_recommended,none,,none,Do not make this payment by 16 March 2026. None of the available options keeps the EUR 700 minimum protected.
request_151,0,not_affordable,not_recommended,none,,none,"Do not make this payment by 14 September 2024. None of the available options keeps the IDR 31,633,600 minimum protected."
request_152,11303.85,affordable_with_plan,installments,2025-02-12:4812.43|2025-03-12:4812.43|2025-04-09:4812.43,2025-03-15,reduce_to:event_14024:234.30,"Reduce the dining expense (event_14024) to ZAR 234.30, then use 3 installments of ZAR 4,812.43, starting 12 February 2025. This leaves at least ZAR 11,900 available."
request_153,0,not_affordable,not_recommended,none,,none,"Do not make this payment by 24 September 2026. None of the available options keeps the USD 1,400 minimum protected."
request_154,1625.80,affordable_with_plan,installments,2024-12-04:563.61|2025-01-04:563.61|2025-02-04:563.61,2024-12-04,none,"use 3 installments of EUR 563.61, starting 4 December 2024. This leaves at least EUR 1,300 available."
request_155,31822.27,not_affordable,not_recommended,none,,none,"Do not proceed with the INR 112,500 request. Although INR 31,822.27 is available today, the full amount cannot be completed safely within 90 days."
request_156,8048.72,affordable_later,wait,2026-06-15:43076,2026-06-15,none,"Pay ZAR 43,076 in full on 15 June 2026. Paying earlier would take the balance below the ZAR 26,900 minimum."
request_157,4100219.28,not_affordable,not_recommended,none,,none,"Do not proceed with the IDR 23,503,000 request. Although IDR 4,100,219.28 is available today, the full amount cannot be completed safely within 90 days."
request_158,166754.81,not_affordable,not_recommended,none,,none,"Do not proceed with the INR 242,600 request. Although INR 166,754.81 is available today, the full amount cannot be completed safely within 90 days."
request_159,0,not_affordable,not_recommended,none,,none,"Do not make this payment by 20 March 2026. None of the available options keeps the ZAR 8,700 minimum protected."
request_160,0,not_affordable,not_recommended,none,,none,"Do not make this payment by 20 August 2024. None of the available options keeps the EUR 1,200 minimum protected."
request_161,0,not_affordable,not_recommended,none,,none,"Do not make this payment by 15 January 2026. None of the available options keeps the IDR 23,010,400 minimum protected."
request_162,1966137.01,not_affordable,not_recommended,none,,none,"Do not proceed with the IDR 83,923,000 request. Although IDR 1,966,137.01 is available today, the full amount cannot be completed safely within 90 days."
request_163,7657357.67,affordable_later,wait,2024-11-15:19304000,2024-11-15,none,"Pay IDR 19,304,000 in full on 15 November 2024. Paying earlier would take the balance below the IDR 26,728,700 minimum."
request_164,27018000,affordable_with_plan,installments,2025-02-11:9366240|2025-03-11:9366240|2025-04-08:9366240,2025-02-04,none,"use 3 installments of IDR 9,366,240, starting 11 February 2025. This leaves at least IDR 29,550,500 available."
request_165,51515.90,not_affordable,not_recommended,none,,none,"Do not proceed with the INR 80,600 request. Although INR 51,515.90 is available today, the full amount cannot be completed safely within 90 days."
request_166,2497.35,affordable_with_plan,installments,2024-12-03:1007.97|2025-01-03:1007.97|2025-02-03:1007.97,,reduce_to:event_15208:29.50|reduce_to:event_15209:45.20|reduce_to:event_15245:47,"Reduce the streaming expense (event_15208) to USD 29.50 and Reduce the shopping expense (event_15209) to USD 45.20 and Reduce the dining expense (event_15245) to USD 47, then use 3 installments of USD 1,007.97, starting 3 December 2024. This leaves at least USD 1,700 available."
request_167,0,not_affordable,not_recommended,none,,none,"Do not make this payment by 31 May 2025. None of the available options keeps the ZAR 31,200 minimum protected."
request_168,0,not_affordable,not_recommended,none,,none,"Do not make this payment by 16 March 2026. None of the available options keeps the INR 114,400 minimum protected."
request_169,41976,affordable_now,full_payment,2024-03-04:41976,2024-03-04,none,"Pay ZAR 41,976 today. This leaves at least ZAR 18,700 available over the next 90 days."
request_170,28333292.36,affordable_with_plan,installments,2025-08-06:12804480|2025-09-03:12804480|2025-10-01:12804480,2025-10-15,stop:event_15604|stop:event_15605|reduce_to:event_15670:779950,"Stop the music subscription expense (event_15604) and Stop the delivery membership expense (event_15605) and Reduce the dining expense (event_15670) to IDR 779,950, then use 3 installments of IDR 12,804,480, starting 6 August 2025. This leaves at least IDR 24,715,800 available."
request_171,10.21,not_affordable,not_recommended,none,,none,"Do not proceed with the EUR 1,878.80 request. Although EUR 10.21 is available today, the full amount cannot be completed safely within 90 days."
request_172,8116.27,affordable_with_plan,partial_payment,2024-06-05:8116.27|2024-07-15:2083.73,2024-07-15,none,"Pay ZAR 8,116.27 today and the remaining ZAR 2,083.73 on 15 July 2024. This completes the full request and keeps the ZAR 27,200 minimum protected."
request_173,51175.29,affordable_with_plan,installments,2025-11-21:39173.33|2025-12-19:39173.33|2026-01-16:39173.33,,reduce_to:event_15946:2105,"Reduce the dining expense (event_15946) to INR 2,105, then use 3 installments of INR 39,173.33, starting 21 November 2025. This leaves at least INR 79,100 available."
request_174,928.12,not_affordable,not_recommended,none,,none,"Do not proceed with the EUR 1,146.20 request. Although EUR 928.12 is available today, the full amount cannot be completed safely within 90 days."
request_175,2346.30,affordable_now,full_payment,2024-09-06:2346.30,2024-09-06,none,"Pay EUR 2,346.30 today. This leaves at least EUR 1,700 available over the next 90 days."
request_176,0,not_affordable,not_recommended,none,,none,Do not make this payment by 27 February 2025. None of the available options keeps the EUR 600 minimum protected.
request_177,0,not_affordable,not_recommended,none,,none,"Do not make this payment by 25 January 2026. None of the available options keeps the USD 1,300 minimum protected."
request_178,2141.28,not_affordable,not_recommended,none,,none,"Do not proceed with the EUR 2,938.10 request. Although EUR 2,141.28 is available today, the full amount cannot be completed safely within 90 days."
request_179,7731414.98,affordable_later,wait,2025-07-15:41648000,2025-07-15,none,"Pay IDR 41,648,000 in full on 15 July 2025. Paying earlier would take the balance below the IDR 41,430,800 minimum."
request_180,0,not_affordable,not_recommended,none,,none,"Do not make this payment by 2 September 2026. None of the available options keeps the INR 37,300 minimum protected."
request_181,113.66,not_affordable,not_recommended,none,,none,"Do not proceed with the USD 5,059.20 request. Although USD 113.66 is available today, the full amount cannot be completed safely within 90 days."
request_182,65714,affordable_now,full_payment,2025-08-05:65714,2025-08-05,none,"Pay ZAR 65,714 today. This leaves at least ZAR 31,100 available over the next 90 days."
request_183,22217444.40,affordable_later,wait,2026-06-15:26866000,2026-06-15,none,"Pay IDR 26,866,000 in full on 15 June 2026. Paying earlier would take the balance below the IDR 11,878,300 minimum."
request_184,0,not_affordable,not_recommended,none,,none,"Do not make this payment by 30 July 2024. None of the available options keeps the INR 110,800 minimum protected."
request_185,275.56,affordable_later,wait,2026-01-15:1257.30,2026-01-15,none,"Pay EUR 1,257.30 in full on 15 January 2026. Paying earlier would take the balance below the EUR 1,300 minimum."
request_186,0,not_affordable,not_recommended,none,,none,"Do not make this payment by 15 March 2026. None of the available options keeps the ZAR 22,000 minimum protected."
request_187,0,not_affordable,not_recommended,none,,none,"Do not make this payment by 15 November 2024. None of the available options keeps the INR 128,300 minimum protected."
request_188,65.65,not_affordable,not_recommended,none,,none,"Do not proceed with the EUR 2,464 request. Although EUR 65.65 is available today, the full amount cannot be completed safely within 90 days."
request_189,488.40,affordable_now,full_payment,2026-07-04:488.40,2026-07-04,none,Pay EUR 488.40 today. This leaves at least EUR 400 available over the next 90 days.
request_190,571.02,affordable_later,wait,2025-02-15:2557.50,2025-02-15,none,"Pay EUR 2,557.50 in full on 15 February 2025. Paying earlier would take the balance below the EUR 1,600 minimum."
request_191,664.40,affordable_now,full_payment,2025-05-03:664.40,2025-05-03,none,Pay EUR 664.40 today. This leaves at least EUR 500 available over the next 90 days.
request_192,0,not_affordable,not_recommended,none,,none,"Do not make this payment by 11 May 2026. None of the available options keeps the USD 1,000 minimum protected."
request_193,0,affordable_with_plan,installments,2024-03-21:420.23|2024-04-21:420.23|2024-05-22:420.23,,reduce_to:event_17837:34.50,"Reduce the dining expense (event_17837) to EUR 34.50, then use 3 installments of EUR 420.23, starting 21 March 2024. This leaves at least EUR 1,000 available."
request_194,0,not_affordable,not_recommended,none,,none,"Do not make this payment by 23 October 2025. None of the available options keeps the INR 113,600 minimum protected."
request_195,0,not_affordable,not_recommended,none,,none,Do not make this payment by 11 March 2026. None of the available options keeps the EUR 700 minimum protected.
request_196,338.86,not_affordable,not_recommended,none,,none,"Do not proceed with the EUR 762.30 request. Although EUR 338.86 is available today, the full amount cannot be completed safely within 90 days."
request_197,0,not_affordable,not_recommended,none,,none,"Do not make this payment by 21 January 2026. None of the available options keeps the IDR 26,245,900 minimum protected."
request_198,185800,affordable_now,full_payment,2026-07-07:185800,2026-07-07,none,"Pay INR 185,800 today. This leaves at least INR 124,300 available over the next 90 days."
request_199,13826379.03,not_affordable,not_recommended,none,,none,"Do not proceed with the IDR 23,674,000 request. Although IDR 13,826,379.03 is available today, the full amount cannot be completed safely within 90 days."
request_200,21717000,affordable_now,full_payment,2025-02-06:21717000,2025-02-06,none,"Pay IDR 21,717,000 today. This leaves at least IDR 20,114,600 available over the next 90 days."
request_201,23997000,affordable_now,full_payment,2026-04-03:23997000,2026-04-03,none,"Pay IDR 23,997,000 today. This leaves at least IDR 17,304,500 available over the next 90 days."
request_202,123900,affordable_now,full_payment,2024-12-05:123900,2024-12-05,none,"Pay INR 123,900 today. This leaves at least INR 147,800 available over the next 90 days."
request_203,1.32,not_affordable,not_recommended,none,,none,"Do not proceed with the EUR 1,442.10 request. Although EUR 1.32 is available today, the full amount cannot be completed safely within 90 days."
request_204,0,not_affordable,not_recommended,none,,none,"Do not make this payment by 31 January 2026. None of the available options keeps the EUR 1,300 minimum protected."
request_205,10621000,affordable_now,full_payment,2024-03-06:10621000,2024-03-06,none,"Pay IDR 10,621,000 today. This leaves at least IDR 13,994,300 available over the next 90 days."
request_206,1404.70,affordable_with_plan,installments,2025-08-03:486.96|2025-08-31:486.96|2025-09-28:486.96,2025-08-03,none,"use 3 installments of EUR 486.96, starting 3 August 2025. This leaves at least EUR 900 available."
request_207,3800.94,affordable_later,wait,2026-08-15:11830,2026-08-15,none,"Pay ZAR 11,830 in full on 15 August 2026. Paying earlier would take the balance below the ZAR 13,600 minimum."
request_208,2652355.92,affordable_later,wait,2024-06-15:4413000,2024-06-15,none,"Pay IDR 4,413,000 in full on 15 June 2024. Paying earlier would take the balance below the IDR 10,470,700 minimum."
request_209,1094.82,not_affordable,not_recommended,none,,none,"Do not proceed with the ZAR 56,914 request. Although ZAR 1,094.82 is available today, the full amount cannot be completed safely within 90 days."
request_210,768.82,affordable_with_plan,installments,2026-04-06:471.48|2026-05-04:471.48|2026-06-01:471.48,2026-04-15,none,"use 3 installments of USD 471.48, starting 6 April 2026. This leaves at least USD 2,000 available."
request_211,229.65,affordable_later,wait,2024-11-15:1788.60,2024-11-15,none,"Pay EUR 1,788.60 in full on 15 November 2024. Paying earlier would take the balance below the EUR 1,500 minimum."
request_212,0,not_affordable,not_recommended,none,,none,"Do not make this payment by 28 February 2025. None of the available options keeps the IDR 29,579,800 minimum protected."
request_213,1513.57,not_affordable,not_recommended,none,,none,"Do not proceed with the USD 3,362.40 request. Although USD 1,513.57 is available today, the full amount cannot be completed safely within 90 days."
request_214,26480.87,affordable_with_plan,installments,2024-12-04:36270|2025-01-01:36270,2025-02-15,reduce_to:event_19751:4395,"Reduce the dining expense (event_19751) to INR 4,395, then use 2 installments of INR 36,270, starting 4 December 2024. This leaves at least INR 174,900 available."
request_215,19752.07,not_affordable,not_recommended,none,,none,"Do not proceed with the ZAR 29,986 request. Although ZAR 19,752.07 is available today, the full amount cannot be completed safely within 90 days."
request_216,516.26,affordable_later,wait,2026-09-15:3332.40,2026-09-15,none,"Pay USD 3,332.40 in full on 15 September 2026. Paying earlier would take the balance below the USD 1,800 minimum."
request_217,18554.90,affordable_with_plan,installments,2024-03-19:12889.07|2024-04-19:12889.07|2024-05-20:12889.07,2024-05-15,reduce_to:event_19977:367.40|reduce_to:event_19979:561.44,"Reduce the streaming expense (event_19977) to ZAR 367.40 and Reduce the shopping expense (event_19979) to ZAR 561.44, then use 3 installments of ZAR 12,889.07, starting 19 March 2024. This leaves at least ZAR 26,800 available."
request_218,23678664.28,affordable_with_plan,installments,2025-08-07:21195893.33|2025-09-04:21195893.33|2025-10-02:21195893.33,2025-09-15,none,"use 3 installments of IDR 21,195,893.33, starting 7 August 2025. This leaves at least IDR 34,477,200 available."
request_219,0,not_affordable,not_recommended,none,,none,"Do not make this payment by 13 June 2026. None of the available options keeps the EUR 1,100 minimum protected."
request_220,31.31,not_affordable,not_recommended,none,,none,"Do not proceed with the EUR 3,118.50 request. Although EUR 31.31 is available today, the full amount cannot be completed safely within 90 days."
request_221,109800,affordable_now,full_payment,2025-11-03:109800,2025-11-03,none,"Pay INR 109,800 today. This leaves at least INR 81,500 available over the next 90 days."
request_222,26976.47,not_affordable,not_recommended,none,,none,"Do not proceed with the ZAR 34,078 request. Although ZAR 26,976.47 is available today, the full amount cannot be completed safely within 90 days."
request_223,173.36,not_affordable,not_recommended,none,,none,"Do not proceed with the EUR 898.70 request. Although EUR 173.36 is available today, the full amount cannot be completed safely within 90 days."
request_224,10327000,affordable_with_plan,installments,2025-02-04:5370040|2025-03-04:5370040,2025-02-04,none,"use 2 installments of IDR 5,370,040, starting 4 February 2025. This leaves at least IDR 22,187,600 available."
request_225,9894198.27,affordable_later,wait,2026-09-15:22059000,2026-09-15,none,"Pay IDR 22,059,000 in full on 15 September 2026. Paying earlier would take the balance below the IDR 17,670,700 minimum."
request_226,140242.43,affordable_with_plan,full_payment,2024-12-03:157000,2025-02-15,reduce_to:event_20754:3552,"Reduce the shopping expense (event_20754) to INR 3,552, then pay INR 157,000 today. This leaves at least INR 209,400 available."
request_227,5767.24,not_affordable,not_recommended,none,,none,"Do not proceed with the INR 259,700 request. Although INR 5,767.24 is available today, the full amount cannot be completed safely within 90 days."
request_228,0,not_affordable,not_recommended,none,,none,"Do not make this payment by 30 April 2026. None of the available options keeps the IDR 26,191,200 minimum protected."
request_229,450.20,affordable_with_plan,installments,2024-03-18:529.29|2024-04-18:529.29|2024-05-19:529.29,2024-05-15,none,"use 3 installments of EUR 529.29, starting 18 March 2024. This leaves at least EUR 1,000 available."
request_230,3537.60,affordable_now,full_payment,2025-08-06:3537.60,2025-08-06,none,"Pay EUR 3,537.60 today. This leaves at least EUR 2,000 available over the next 90 days."
request_231,28455.67,affordable_with_plan,installments,2026-01-06:12378.08|2026-02-05:12378.08|2026-03-07:12378.08,2026-03-15,reduce_to:event_21305:845.90,"Reduce the dining expense (event_21305) to ZAR 845.90, then use 3 installments of ZAR 12,378.08, starting 6 January 2026. This leaves at least ZAR 24,300 available."
request_232,0,not_affordable,not_recommended,none,,none,"Do not make this payment by 15 August 2024. None of the available options keeps the EUR 2,400 minimum protected."
request_233,0,not_affordable,not_recommended,none,,none,"Do not make this payment by 17 December 2025. None of the available options keeps the IDR 10,365,700 minimum protected."
request_234,153.61,affordable_later,wait,2026-09-15:1213.30,2026-09-15,none,"Pay EUR 1,213.30 in full on 15 September 2026. Paying earlier would take the balance below the EUR 700 minimum."
request_235,967.20,affordable_now,full_payment,2024-09-06:967.20,2024-09-06,none,Pay USD 967.20 today. This leaves at least USD 700 available over the next 90 days.
request_236,5075211.87,not_affordable,not_recommended,none,,none,"Do not proceed with the IDR 52,383,000 request. Although IDR 5,075,211.87 is available today, the full amount cannot be completed safely within 90 days."
request_237,18845660.71,not_affordable,not_recommended,none,,none,"Do not proceed with the IDR 23,826,000 request. Although IDR 18,845,660.71 is available today, the full amount cannot be completed safely within 90 days."
request_238,454.21,not_affordable,not_recommended,none,,none,"Do not proceed with the USD 663.60 request. Although USD 454.21 is available today, the full amount cannot be completed safely within 90 days."
request_239,0,not_affordable,not_recommended,none,,none,Do not make this payment by 24 May 2025. None of the available options keeps the USD 600 minimum protected.
request_240,0,not_affordable,not_recommended,none,,none,"Do not make this payment by 20 March 2026. None of the available options keeps the INR 52,800 minimum protected."
request_241,20228793.18,affordable_with_plan,installments,2024-03-17:7298026.67|2024-04-17:7298026.67|2024-05-18:7298026.67,,reduce_to:event_22186:501600,"Reduce the dining expense (event_22186) to IDR 501,600, then use 3 installments of IDR 7,298,026.67, starting 17 March 2024. This leaves at least IDR 19,252,000 available."
request_242,0,not_affordable,not_recommended,none,,none,Do not make this payment by 25 August 2025. None of the available options keeps the EUR 600 minimum protected.
request_243,17468,affordable_now,full_payment,2026-07-07:17468,2026-07-07,none,"Pay ZAR 17,468 today. This leaves at least ZAR 19,900 available over the next 90 days."
request_244,0,not_affordable,not_recommended,none,,none,"Do not make this payment by 16 July 2024. None of the available options keeps the ZAR 45,900 minimum protected."
request_245,18671.27,not_affordable,not_recommended,none,,none,"Do not proceed with the INR 128,500 request. Although INR 18,671.27 is available today, the full amount cannot be completed safely within 90 days."
request_246,61704.53,affordable_with_plan,installments,2026-04-03:22216.48|2026-05-03:22216.48|2026-06-02:22216.48,,reduce_to:event_22613:609.40|reduce_to:event_22614:926.64,"Reduce the streaming expense (event_22613) to ZAR 609.40 and Reduce the shopping expense (event_22614) to ZAR 926.64, then use 3 installments of ZAR 22,216.48, starting 3 April 2026. This leaves at least ZAR 39,300 available."
request_247,1035.31,affordable_with_plan,full_payment,2024-09-05:1059.30,2024-09-15,reduce_to:event_22750:20,"Reduce the dining expense (event_22750) to EUR 20, then pay EUR 1,059.30 today. This leaves at least EUR 1,300 available."
request_248,175.07,not_affordable,not_recommended,none,,none,"Do not proceed with the USD 1,965.60 request. Although USD 175.07 is available today, the full amount cannot be completed safely within 90 days."
request_249,0,not_affordable,not_recommended,none,,none,Do not make this payment by 15 March 2026. None of the available options keeps the USD 600 minimum protected.
request_250,0,not_affordable,not_recommended,none,,none,"Do not make this payment by 18 January 2025. None of the available options keeps the ZAR 35,300 minimum protected."
request_251,0,not_affordable,not_recommended,none,,none,"Do not make this payment by 6 June 2025. None of the available options keeps the EUR 1,300 minimum protected."
request_252,3317183.31,affordable_later,wait,2026-09-15:28082000,2026-09-15,none,"Pay IDR 28,082,000 in full on 15 September 2026. Paying earlier would take the balance below the IDR 15,152,200 minimum."
request_253,1302.67,not_affordable,not_recommended,none,,none,"Do not proceed with the EUR 2,840.20 request. Although EUR 1,302.67 is available today, the full amount cannot be completed safely within 90 days."
request_254,571.51,affordable_later,wait,2025-10-15:3535.20,2025-10-15,none,"Pay USD 3,535.20 in full on 15 October 2025. Paying earlier would take the balance below the USD 2,500 minimum."
request_255,0,not_affordable,not_recommended,none,,none,"Do not make this payment by 15 June 2026. None of the available options keeps the IDR 9,813,900 minimum protected."
request_256,0,not_affordable,not_recommended,none,,none,"Do not make this payment by 19 August 2024. None of the available options keeps the INR 168,600 minimum protected."
request_257,0,not_affordable,not_recommended,none,,none,"Do not make this payment by 15 January 2026. None of the available options keeps the USD 1,600 minimum protected."
request_258,1113.60,affordable_now,full_payment,2026-01-07:1113.60,2026-01-07,none,"Pay USD 1,113.60 today. This leaves at least USD 500 available over the next 90 days."
request_259,245.44,affordable_later,wait,2024-11-15:935,2024-11-15,none,Pay EUR 935 in full on 15 November 2024. Paying earlier would take the balance below the EUR 600 minimum.
request_26,15656000,affordable_now,full_payment,2025-08-03:15656000,2025-08-03,none,"Pay IDR 15,656,000 today. This leaves at least IDR 24,768,300 available over the next 90 days."
request_260,5271661.20,not_affordable,not_recommended,none,,none,"Do not proceed with the IDR 52,079,000 request. Although IDR 5,271,661.20 is available today, the full amount cannot be completed safely within 90 days."
request_261,1830.40,affordable_now,full_payment,2026-07-03:1830.40,2026-07-03,none,"Pay EUR 1,830.40 today. This leaves at least EUR 1,500 available over the next 90 days."
request_262,0,affordable_with_plan,full_payment,2024-12-05:9236000,,reduce_to:event_24094:541500|reduce_to:event_24096:548720|reduce_to:event_24161:763800,"Reduce the streaming expense (event_24094) to IDR 541,500 and Reduce the shopping expense (event_24096) to IDR 548,720 and Reduce the dining expense (event_24161) to IDR 763,800, then pay IDR 9,236,000 today. This leaves at least IDR 31,018,500 available."
request_263,4059.08,not_affordable,not_recommended,none,,none,"Do not proceed with the ZAR 51,546 request. Although ZAR 4,059.08 is available today, the full amount cannot be completed safely within 90 days."
request_264,21982.97,affordable_later,wait,2026-06-15:111300,2026-06-15,none,"Pay INR 111,300 in full on 15 June 2026. Paying earlier would take the balance below the INR 59,500 minimum."
request_265,0,not_affordable,not_recommended,none,,none,"Do not make this payment by 21 March 2024. None of the available options keeps the INR 189,700 minimum protected."
request_266,739.38,not_affordable,not_recommended,none,2025-10-15,none,Do not make this payment by 3 October 2025. None of the available options keeps the EUR 900 minimum protected.
request_267,1389.54,not_affordable,not_recommended,none,,none,"Do not proceed with the EUR 1,925 request. Although EUR 1,389.54 is available today, the full amount cannot be completed safely within 90 days."
request_268,1014.44,affordable_with_plan,installments,2024-06-14:841.22|2024-07-15:841.22|2024-08-15:841.22,2024-07-15,none,"use 3 installments of EUR 841.22, starting 14 June 2024. This leaves at least EUR 1,400 available."
request_269,0,not_affordable,not_recommended,none,,none,"Do not make this payment by 2 January 2026. None of the available options keeps the ZAR 23,100 minimum protected."
request_27,0,not_affordable,not_recommended,none,,none,"Do not make this payment by 21 August 2026. None of the available options keeps the ZAR 20,500 minimum protected."
request_270,39.59,not_affordable,not_recommended,none,,none,"Do not proceed with the USD 3,028.80 request. Although USD 39.59 is available today, the full amount cannot be completed safely within 90 days."
request_271,8488.57,not_affordable,not_recommended,none,,none,"Do not proceed with the INR 91,300 request. Although INR 8,488.57 is available today, the full amount cannot be completed safely within 90 days."
request_272,5142001.12,affordable_with_plan,installments,2025-02-12:4709466.67|2025-03-12:4709466.67|2025-04-09:4709466.67,2025-03-15,none,"use 3 installments of IDR 4,709,466.67, starting 12 February 2025. This leaves at least IDR 7,508,600 available."
request_273,9179578.19,affordable_with_plan,installments,2026-04-07:5498480|2026-05-05:5498480|2026-06-02:5498480,2026-04-15,none,"use 3 installments of IDR 5,498,480, starting 7 April 2026. This leaves at least IDR 18,774,600 available."
request_274,2004.98,not_affordable,not_recommended,none,2025-02-15,none,"Do not make this payment by 11 February 2025. None of the available options keeps the EUR 1,800 minimum protected."
request_275,15884000,affordable_now,full_payment,2025-05-06:15884000,2025-05-06,none,"Pay IDR 15,884,000 today. This leaves at least IDR 12,760,100 available over the next 90 days."
request_28,255.32,not_affordable,not_recommended,none,,none,"Do not proceed with the EUR 1,302.40 request. Although EUR 255.32 is available today, the full amount cannot be completed safely within 90 days."
request_29,0,not_affordable,not_recommended,none,,none,"Do not make this payment by 23 November 2025. None of the available options keeps the ZAR 28,300 minimum protected."
request_30,29.94,not_affordable,not_recommended,none,,none,"Do not proceed with the USD 775.20 request. Although USD 29.94 is available today, the full amount cannot be completed safely within 90 days."
request_31,3014251.93,affordable_later,wait,2024-11-15:18164000,2024-11-15,none,"Pay IDR 18,164,000 in full on 15 November 2024. Paying earlier would take the balance below the IDR 16,588,900 minimum."
request_32,0,not_affordable,not_recommended,none,,none,"Do not make this payment by 15 April 2025. None of the available options keeps the ZAR 35,700 minimum protected."
request_33,25878.98,affordable_later,wait,2026-03-15:118000,2026-03-15,none,"Pay INR 118,000 in full on 15 March 2026. Paying earlier would take the balance below the INR 102,100 minimum."
request_34,35961,not_affordable,not_recommended,none,,none,"Do not proceed with the INR 129,400 request. Although INR 35,961 is available today, the full amount cannot be completed safely within 90 days."
request_35,12462.81,not_affordable,not_recommended,none,,none,"Do not proceed with the INR 212,000 request. Although INR 12,462.81 is available today, the full amount cannot be completed safely within 90 days."
request_36,423.03,not_affordable,not_recommended,none,,none,"Do not proceed with the USD 3,954 request. Although USD 423.03 is available today, the full amount cannot be completed safely within 90 days."
request_37,0,not_affordable,not_recommended,none,,none,"Do not make this payment by 15 May 2024. None of the available options keeps the IDR 17,056,200 minimum protected."
request_38,152.95,affordable_later,wait,2025-10-15:971.30,2025-10-15,none,Pay EUR 971.30 in full on 15 October 2025. Paying earlier would take the balance below the EUR 400 minimum.
request_39,38816.93,not_affordable,not_recommended,none,,none,"Do not proceed with the INR 208,600 request. Although INR 38,816.93 is available today, the full amount cannot be completed safely within 90 days."
request_40,0,not_affordable,not_recommended,none,,none,"Do not make this payment by 15 August 2024. None of the available options keeps the EUR 1,500 minimum protected."
request_41,5408805.84,affordable_later,wait,2026-01-15:38760000,2026-01-15,none,"Pay IDR 38,760,000 in full on 15 January 2026. Paying earlier would take the balance below the IDR 25,366,600 minimum."
request_42,0,not_affordable,not_recommended,none,,none,"Do not make this payment by 15 March 2026. None of the available options keeps the INR 113,100 minimum protected."
request_43,0,not_affordable,not_recommended,none,,none,"Do not make this payment by 15 November 2024. None of the available options keeps the IDR 21,398,000 minimum protected."
request_44,0,not_affordable,not_recommended,none,,none,"Do not make this payment by 15 April 2025. None of the available options keeps the INR 82,900 minimum protected."
request_45,2731658.06,not_affordable,not_recommended,none,,none,"Do not proceed with the IDR 21,983,000 request. Although IDR 2,731,658.06 is available today, the full amount cannot be completed safely within 90 days."
request_46,30699.46,not_affordable,not_recommended,none,2025-01-15,none,"Do not make this payment by 9 January 2025. None of the available options keeps the INR 84,000 minimum protected."
request_47,0,not_affordable,not_recommended,none,,none,"Do not make this payment by 19 June 2025. None of the available options keeps the IDR 30,049,000 minimum protected."
request_48,40689.37,affordable_later,wait,2026-10-15:45700,2026-10-15,none,"Pay INR 45,700 in full on 15 October 2026. Paying earlier would take the balance below the INR 71,300 minimum."
request_49,11439851.10,not_affordable,not_recommended,none,,none,"Do not proceed with the IDR 34,333,000 request. Although IDR 11,439,851.10 is available today, the full amount cannot be completed safely within 90 days."
request_50,22764.61,not_affordable,not_recommended,none,,none,"Do not proceed with the INR 43,900 request. Although INR 22,764.61 is available today, the full amount cannot be completed safely within 90 days."
request_51,0,not_affordable,not_recommended,none,,none,"Do not make this payment by 28 February 2026. None of the available options keeps the IDR 7,811,000 minimum protected."
request_52,0,not_affordable,not_recommended,none,,none,"Do not make this payment by 9 July 2024. None of the available options keeps the INR 41,500 minimum protected."
request_53,394.01,affordable_later,wait,2026-01-15:1699.20,2026-01-15,none,"Pay USD 1,699.20 in full on 15 January 2026. Paying earlier would take the balance below the USD 2,100 minimum."
request_54,765.50,not_affordable,not_recommended,none,,none,"Do not proceed with the ZAR 121,528 request. Although ZAR 765.50 is available today, the full amount cannot be completed safely within 90 days."
request_55,107626.33,affordable_later,wait,2026-08-15:218600,2026-08-15,none,"Pay INR 218,600 in full on 15 August 2026. Paying earlier would take the balance below the INR 124,300 minimum."
request_56,573.87,affordable_with_plan,installments,2025-02-03:458.42|2025-03-03:458.42,2025-02-15,none,"use 2 installments of USD 458.42, starting 3 February 2025. This leaves at least USD 2,100 available."
request_57,11909.19,affordable_later,wait,2026-06-15:61446,2026-06-15,none,"Pay ZAR 61,446 in full on 15 June 2026. Paying earlier would take the balance below the ZAR 42,700 minimum."
request_58,8694685.71,not_affordable,not_recommended,none,,none,"Do not proceed with the IDR 16,226,000 request. Although IDR 8,694,685.71 is available today, the full amount cannot be completed safely within 90 days."
request_59,72173.80,not_affordable,not_recommended,none,,none,"Do not proceed with the INR 140,600 request. Although INR 72,173.80 is available today, the full amount cannot be completed safely within 90 days."
request_60,0,not_affordable,not_recommended,none,,none,Do not make this payment by 4 March 2026. None of the available options keeps the USD 400 minimum protected.
request_61,25554.44,affordable_with_plan,installments,2024-03-17:10074.83|2024-04-17:10074.83|2024-05-18:10074.83,,stop:event_5683|reduce_to:event_5715:784.30,"Stop the music subscription expense (event_5683) and Reduce the dining expense (event_5715) to ZAR 784.30, then use 3 installments of ZAR 10,074.83, starting 17 March 2024. This leaves at least ZAR 36,700 available."
request_62,404.23,affordable_now,full_payment,2025-08-05:404.23,2025-08-05,none,"Pay USD 404.23 today. This leaves at least USD 1,300 available over the next 90 days."
request_63,30889.59,not_affordable,not_recommended,none,,none,"Do not proceed with the INR 343,900 request. Although INR 30,889.59 is available today, the full amount cannot be completed safely within 90 days."
request_64,0,not_affordable,not_recommended,none,,none,"Do not make this payment by 16 August 2024. None of the available options keeps the INR 36,100 minimum protected."
request_65,6393.40,not_affordable,not_recommended,none,,none,"Do not proceed with the ZAR 54,340 request. Although ZAR 6,393.40 is available today, the full amount cannot be completed safely within 90 days."
request_66,22200,affordable_now,full_payment,2026-04-03:22200,2026-04-03,none,"Pay INR 22,200 today. This leaves at least INR 80,700 available over the next 90 days."
request_67,210.74,not_affordable,not_recommended,none,,none,"Do not proceed with the USD 2,094 request. Although USD 210.74 is available today, the full amount cannot be completed safely within 90 days."
request_68,0,not_affordable,not_recommended,none,,none,"Do not make this payment by 16 April 2025. None of the available options keeps the USD 1,500 minimum protected."
request_69,454.20,affordable_with_plan,full_payment,2026-01-04:529.10,2026-03-15,stop:event_6405|reduce_to:event_6407:16.40,"Stop the streaming expense (event_6405) and Reduce the shopping expense (event_6407) to EUR 16.40, then pay EUR 529.10 today. This leaves at least EUR 700 available."
request_70,48080.83,affordable_later,wait,2025-02-15:243900,2025-02-15,none,"Pay INR 243,900 in full on 15 February 2025. Paying earlier would take the balance below the INR 115,000 minimum."
request_71,0,not_affordable,not_recommended,none,,none,"Do not make this payment by 28 May 2025. None of the available options keeps the IDR 8,884,800 minimum protected."
request_72,0,not_affordable,not_recommended,none,,none,"Do not make this payment by 14 July 2026. None of the available options keeps the ZAR 12,200 minimum protected."
request_73,69113.23,affordable_later,wait,2023-02-15:71400,2023-02-15,none,"Pay INR 71,400 in full on 15 February 2023. Paying earlier would take the balance below the INR 103,200 minimum."
request_74,3121.58,affordable_with_plan,full_payment,2025-08-04:5010,,stop:event_6893,"Stop the streaming expense (event_6893), then pay ZAR 5,010 today. This leaves at least ZAR 21,900 available."
request_75,10061.27,not_affordable,not_recommended,none,,none,"Do not proceed with the ZAR 28,270 request. Although ZAR 10,061.27 is available today, the full amount cannot be completed safely within 90 days."
request_76,0,not_affordable,not_recommended,none,,none,"Do not make this payment by 30 July 2024. None of the available options keeps the USD 1,800 minimum protected."
request_77,56888.64,affordable_later,wait,2025-11-15:60700,2025-11-15,none,"Pay INR 60,700 in full on 15 November 2025. Paying earlier would take the balance below the INR 82,200 minimum."
request_78,35462.67,affordable_later,wait,2025-12-15:50200,2025-12-15,none,"Pay INR 50,200 in full on 15 December 2025. Paying earlier would take the balance below the INR 55,200 minimum."
request_79,23.83,not_affordable,not_recommended,none,,none,"Do not proceed with the EUR 2,151.60 request. Although EUR 23.83 is available today, the full amount cannot be completed safely within 90 days."
request_80,0,not_affordable,not_recommended,none,,none,"Do not make this payment by 21 February 2025. None of the available options keeps the INR 121,300 minimum protected."
request_81,1924.58,affordable_with_plan,full_payment,2026-07-03:2076,2026-09-15,reduce_to:event_7636:37.50,"Reduce the dining expense (event_7636) to USD 37.50, then pay USD 2,076 today. This leaves at least USD 1,600 available."
request_82,244.80,not_affordable,not_recommended,none,,none,"Do not proceed with the USD 1,405.20 request. Although USD 244.80 is available today, the full amount cannot be completed safely within 90 days."
request_83,0,not_affordable,not_recommended,none,,none,"Do not make this payment by 17 June 2025. None of the available options keeps the INR 37,800 minimum protected."
request_84,17087.43,not_affordable,not_recommended,none,,none,"Do not proceed with the INR 95,400 request. Although INR 17,087.43 is available today, the full amount cannot be completed safely within 90 days."
request_85,126333.99,not_affordable,not_recommended,none,,none,"Do not proceed with the IDR 19,304,000 request. Although IDR 126,333.99 is available today, the full amount cannot be completed safely within 90 days."
request_86,0,not_affordable,not_recommended,none,,none,"Do not make this payment by 22 August 2025. None of the available options keeps the INR 84,900 minimum protected."
request_87,0,not_affordable,not_recommended,none,,none,"Do not make this payment by 15 March 2026. None of the available options keeps the INR 185,900 minimum protected."
request_88,10420.27,affordable_with_plan,installments,2024-06-14:9045.23|2024-07-15:9045.23|2024-08-15:9045.23,2024-07-15,none,"use 3 installments of ZAR 9,045.23, starting 14 June 2024. This leaves at least ZAR 25,800 available."
request_89,8980896.53,affordable_later,wait,2026-01-15:13756000,2026-01-15,none,"Pay IDR 13,756,000 in full on 15 January 2026. Paying earlier would take the balance below the IDR 12,534,700 minimum."
request_90,2560,affordable_now,full_payment,2026-07-06:2560,2026-07-06,none,"Pay ZAR 2,560 today. This leaves at least ZAR 7,600 available over the next 90 days."
request_91,199.97,affordable_later,wait,2024-11-15:1927.20,2024-11-15,none,"Pay EUR 1,927.20 in full on 15 November 2024. Paying earlier would take the balance below the EUR 2,100 minimum."
request_92,32454.79,affordable_with_plan,full_payment,2025-02-05:34034,2025-04-15,reduce_to:event_8662:910.80,"Reduce the dining expense (event_8662) to ZAR 910.80, then pay ZAR 34,034 today. This leaves at least ZAR 28,100 available."
request_93,1729.20,affordable_now,full_payment,2026-04-07:1729.20,2026-04-07,none,"Pay USD 1,729.20 today. This leaves at least USD 1,900 available over the next 90 days."
request_94,5.39,not_affordable,not_recommended,none,,none,"Do not proceed with the EUR 572 request. Although EUR 5.39 is available today, the full amount cannot be completed safely within 90 days."
request_95,0,not_affordable,not_recommended,none,,none,"Do not make this payment by 14 July 2025. None of the available options keeps the INR 145,500 minimum protected."
request_96,0,not_affordable,not_recommended,none,,none,"Do not make this payment by 12 March 2026. None of the available options keeps the INR 56,500 minimum protected."
request_97,0,not_affordable,not_recommended,none,,none,"Do not make this payment by 24 May 2024. None of the available options keeps the ZAR 29,700 minimum protected."
request_98,6782.27,affordable_later,wait,2025-10-15:27148,2025-10-15,none,"Pay ZAR 27,148 in full on 15 October 2025. Paying earlier would take the balance below the ZAR 30,000 minimum."
request_99,15739.47,affordable_with_plan,full_payment,2026-07-04:18062,2026-07-15,stop:event_9188|reduce_to:event_9232:1065.90,"Stop the streaming expense (event_9188) and Reduce the dining expense (event_9232) to ZAR 1,065.90, then pay ZAR 18,062 today. This leaves at least ZAR 49,100 available."
